Feature,Importance
cat__slope,0.18178827
cat__thal,0.13170017
cat__cp,0.11389008
cat__ca,0.09335858
cat__sex,0.07149961
cat__exang,0.06687244
num__oldpeak,0.06435319
cat__restecg,0.051073033
num__age,0.049355168
num__trestbps,0.048980333
num__chol,0.04465224
num__thalach,0.044317693
cat__fbs,0.038159188
