Feature,Importance
Glucose,0.4044431
Glucose_BMI,0.14452228
Gender,0.09797784
Age_BMI,0.07479356
Age,0.07429795
BMI,0.07262392
BloodPressure,0.06749114
BP_BMI,0.06385021
